[
  {
    "username": "Chris",
    "password": "12",
    "paid": true,
    "createdAt": 1748197937264
  },
  {
    "username": "Shank",
    "password": "fbi",
    "createdAt": 1748198540730,
    "paid": false
  },
  {
    "username": "Honey",
    "password": "123",
    "createdAt": 1748199729420,
    "paid": true
  },
  {
    "username": "Jeremy ",
    "password": "12",
    "createdAt": 1748199878750,
    "paid": true
  },
  {
    "username": "Don",
    "password": "12",
    "createdAt": 1748202729414,
    "paid": true
  },
  {
    "username": "Mercy",
    "password": "12",
    "createdAt": 1748207678112,
    "paid": true
  }
]